产品,平台,标题,类别,不油腻,不油腻认可度,商品链接
面膜,tmall,御泥坊修护霜八繁九制面膜霜凝脂霜乳免洗补水高保湿滋润涂抹式女,化妆品净含量:100g,113.0,55.8%,https://detail.tmall.com/item.htm?id=627874889025&ns=1&abbucket=6
面膜,tmall,仁和药业补水保湿美白淡斑祛痘淡化痘印面膜,化妆品净含量:20片,45.0,82.2%,https://detail.tmall.com/item.htm?id=592679450822&ali_refid=a3_430583_1006:1188910141:N:c9cYmKMxQDoPQG687fsq4A%3D%3D:233111193446d9c8488b6a61d915a6be&ali_trackid=1_233111193446d9c8488b6a61d915a6be
面膜,tmall,膜法世家逆时空黑面膜10片抗初老补水保湿二裂酵母紧致淡纹提亮女,化妆品净含量:10片,29.0,62.1%,https://detail.tmall.com/item.htm?id=626106598187&ns=1&abbucket=6
面膜,tmall,HFP玻尿酸密集补水面膜 修护敏感肌肤保湿滋润SPA面膜男女,化妆品净含量:5片,16.0,62.5%,https://detail.tmall.com/item.htm?id=537458721926&ns=1&abbucket=6
面膜,tmall,梵西烟酰胺蚕丝面膜女补水保湿玻尿酸收缩毛孔紧致淡痘印男女正品,化妆品净含量:20片,14.0,78.6%,https://detail.tmall.com/item.htm?id=613888045429&ns=1&abbucket=6
面膜,tmall,520礼物珀莱雅解渴面膜补水保湿睡眠泥膜涂抹式清洁毛孔熬夜修护,化妆品净含量:75g/ml,14.0,35.7%,https://detail.tmall.com/item.htm?id=616567613998&ns=1&abbucket=6
面膜,tmall,30片jm男士面膜专用美白护肤品补水保湿控油增白去黑头祛痘收毛孔,组合套餐:(10片)*1+(10片)*1+(10片)*1,11.0,72.7%,https://detail.tmall.com/item.htm?id=631705978425&ns=1&abbucket=6
面膜,tmall,Dr.Alva瑷尔博士玻尿酸补水保湿积雪草熬夜面膜舒缓修护男女正品,化妆品净含量:10片,11.0,54.5%,https://detail.tmall.com/item.htm?id=605694503214&ns=1&abbucket=6
面膜,tmall,【520礼物】欧莱雅安瓶面膜升级版玻尿酸精华补水保湿亮肤15片,化妆品净含量:25片,9.0,66.7%,https://detail.tmall.com/item.htm?id=576644195365&ns=1&abbucket=6
面膜,tmall,4盒韩国JM面膜女补水保湿美白淡斑祛痘淡化痘印收缩毛孔官方正品,组合套餐:(10片)*2+(10片)*1+(10.0片)*1,8.0,62.5%,https://detail.tmall.com/item.htm?id=624251655658&ns=1&abbucket=6
面膜,tmall,自然堂喜马拉雅面膜20片补水保湿提亮肌肤收缩毛孔面膜学生女正品,化妆品净含量:25g/ml,8.0,50.0%,https://detail.tmall.com/item.htm?id=556732726926&ns=1&abbucket=6
面膜,tmall,玉泽积雪草修护干面膜 玻尿酸补水保湿修护肌肤屏障男女,化妆品净含量:6片,7.0,71.4%,https://detail.tmall.com/item.htm?id=577450003176&ns=1&abbucket=6
面膜,tmall,韩束水库面膜女玻尿酸补水保湿舒缓30片清洁收缩毛孔急救修复提亮,化妆品净含量:30片,7.0,57.1%,https://detail.tmall.com/item.htm?id=596258976797&ns=1&abbucket=6
面膜,tmall,Bb LABORATORIES/苾莱宝日本BbLABORATORIES复活草补水面膜清洁,化妆品净含量:175g/ml,6.0,33.3%,https://detail.tmall.com/item.htm?id=560971259764&ns=1&abbucket=6
面膜,tmall,【年度新品】HFP莱姆果酸炮弹清洁面膜 去黑头刷酸清洁泥膜男女,化妆品净含量:55g,6.0,66.7%,https://detail.tmall.com/item.htm?id=639013372397&ns=1&abbucket=6
面膜,tmall,薇诺娜透明质酸修护生物膜80g 敷料舒敏保湿面膜复合原液贴霜滋养,,5.0,60.0%,https://detail.tmall.com/item.htm?id=610869471527&ns=1&abbucket=6
面膜,tmall,润百颜润养奶皮面膜377精粹提亮肤色玻尿酸补水弹嫩保湿牛奶肌女,化妆品净含量:5片,5.0,60.0%,https://detail.tmall.com/item.htm?id=622935172595&ns=1&abbucket=6
面膜,tmall,Dermalogica/德美乐嘉水光肌多维面膜75ml去黄急救熬夜涂抹面膜,化妆品净含量:75ml,4.0,25.0%,https://detail.tmall.com/item.htm?id=546180556214&ns=1&abbucket=6
面膜,tmall,日本进口Kracie肌美精进口3D深层补水提亮保湿面膜4片/盒*3盒正品,组合套餐:(3D橙色—紧致  弹润紧致)*3,2.0,50.0%,https://detail.tmall.com/item.htm?id=577001655903&ns=1&abbucket=6
面膜,tmall,韩国JMSOLUTION肌司研水滋养水盈补水保湿面膜JM急救面膜*3套组,,2.0,50.0%,https://detail.tmall.com/item.htm?id=625738169382&ns=1&abbucket=6
面膜,tmall,OLAY 抛光面膜水感光曜沁润烟酰胺补水保湿提亮肤色涂抹面膜正品,化妆品净含量:100g,1.0,0.0%,https://detail.tmall.com/item.htm?id=640913131425&ns=1&abbucket=6
面膜,tmall,【618加购】OLAY抗糖小白瓶面膜水感美白提亮肤色烟酰胺补水面膜,化妆品净含量:15片,1.0,0.0%,https://detail.tmall.com/item.htm?id=539379880103&ns=1&abbucket=6
面膜,tmall,Dr.Alva瑷尔博士熬夜绷带面膜 补水保湿紧致 舒缓修护男女正品,化妆品净含量:5片,1.0,0.0%,https://detail.tmall.com/item.htm?id=637521648898&ns=1&abbucket=6
面膜,tmall,farmacy植萃美肌冰感愈颜面膜50ml修护涂抹式冰奶绿面膜夏日晒后,化妆品净含量:50ml,1.0,0.0%,https://detail.tmall.com/item.htm?id=638029926329&ns=1&abbucket=6
面膜,tmall,博乐达水杨酸清洁去痘去黑头闭口粉刺淡化痘印涂抹式刷酸面膜女男,化妆品净含量:35g,1.0,0.0%,https://detail.tmall.com/item.htm?id=623918494721&ns=1&abbucket=6
面膜,tmall,MEDIHEAL/美迪惠尔韩国可莱丝NMF水库面膜10片补水保湿男女面膜,化妆品净含量:10片,0.0,0.0%,https://detail.tmall.com/item.htm?id=599140277992&ns=1&abbucket=6
面膜,tmall,【院线面膜】法国美帕壳聚糖修复面膜舒缓泛红冻干粉膜20gX30片,组合套餐:面膜组合套餐,0.0,0.0%,https://detail.tmall.com/item.htm?id=640154929009&ns=1&abbucket=6
面膜,taobao,韩国JM面膜女补水保湿男深水炸水光蜂蜜珍珠急救燕窝水母新款正品,颜色分类:❤新款水母面膜10片/盒[韩国原装假一罚十],0.0,0.0%,https://item.taobao.com/item.htm?id=558215946399&ns=1&abbucket=6#detail
面膜,tmall,日本BEAUCLAIR雪美清 酒粕面膜涂抹式清洁补水保湿去角质提亮肤色,化妆品净含量:170g,0.0,0.0%,https://detail.tmall.com/item.htm?id=620633383433&ad_id=&am_id=&cm_id=140105335569ed55e27b&pm_id=&abbucket=6#detail
